use enapne;
/*
INSERT INTO curso (codigo, nome, coordenador, campus, nivelEnsino) VALUES
	('111111', 'Informatica', 'Gilbran', 'Ceara Mirim', 'Medio' ),
    ('222222', 'EBM', 'Joao Gomes', 'Ceara Mirim', 'Medio' ),
    ('333333', 'PJD', 'Cristiano Ronaldo', 'Ceara Mirim', 'Medio' );

INSERT INTO aluno (matricula, nome, codigoCurso, necessidadesEspecificas) VALUES
	('11111111', 'Rafael', '111111', 'Deficiencia na perna'),
	('22222222', 'Pedro', '222222', 'Deficiencia no braço'),
	('33333333', 'Rafael souza', '222222', 'Deficiencia na lombar'),
	('44444444', 'Guilerme', '333333', 'Daltonismo'),
	('55555555', 'Maria', '111111', 'Deficiencia na perna');

INSERT INTO equipeNapne (nome, funcao, ativo, usuario, senha) VALUES
    ('Maria Francisca', 'cadastrar alunos', 's', 'maria@ifrn', 'maria01' ),
    ('Jose Paulo', 'Comunicaçao com os pais', 's', 'Paulo@ifrn', 'Paulo02'),
    ('Francisco cardoso', 'gerenciamento das atividaes', 's', 'Fracisco@ifrn', 'Francisco03');


INSERT INTO pei (numero, matriculaAluno) VALUES 
		('1', '11111111' ),
        ('2', '22222222' ),
        ('3', '33333333' );

INSERT INTO equipeMultiDisciplinar(codigo, nome, funcao, numeroPei) VALUES
	('1', 'Horarios', 'Organizar a carga horaria do aluno', '1' ),
    ('2', 'Acompanhamento', 'Observar o progresso dos alunos', '2'),
    ('3', 'Atividades', 'Gerar atividades especificas para os alunos', '3' );

INSERT INTO anexo1 (numeroPei, historico, conhecimentosHabilidades, dificuldades, observacoes ) VALUES
	('1', 'o aluno passou por 4 escolas antes do IFRN', ' bom de logica.', 'tem dificuldades de digitaçao', 'É um aluno esforçado' ),
    ('2', 'O aluno tem passsagem em 2 campus do IFRN', 'Bom de calculos', 'tem dificuldades com a escrita', 'inteligente' ),
    ('3', 'O aluno acaba de ingressar no esnsino medio', 'Bom de escrita e interpretaçao', 'Não consegue dialogar muito bem', ' tem tido uma boa evolução' );
    
INSERT INTO anexo2 (numeroPei, disciplina, docente, objetivosPlanoDisciplina, objetivosAdaptacoesDisciplina, conteudoPlanoDisciplina, conteudoAdaptacoesDisciplina, metodologiaPlanoDisciplina, metodologiaAdaptacoesDisciplina, recursoDidaticoPlanoDisciplina, recursoDidaticoAdaptacoesDisciplina) VALUES
	('1', 'Matemática', 'profMatemática', 'A', 'A', 'A', 'A', 'A', 'A', 'A', 'A'),
	('2', 'Português', 'profPortuguês', 'B', 'B', 'B', 'B', 'B', 'B', 'B', 'B'),
	('1', 'Inglês', 'profInglês', 'A', 'A', 'A', 'A', 'A', 'A', 'A', 'A'),
	('1', 'Matemática', 'profMatemática', 'A', 'A', 'A', 'A', 'A', 'A', 'A', 'A'),
	('3', 'Matemática', 'profMatemática', 'C', 'C', 'C', 'C', 'C', 'C', 'C', 'C');

INSERT INTO anexo3 (numeroPei, avancos, parecer) VALUES
	('1', 'o aluno melhorou muito desde o inicio', 'pode ir ainda mais longe'),
    ('2', 'o aluno teve uma piora no seu desenpenho', 'acredito na melhora'),
    ('3', 'Teve altos e baixos durante o processo', 'tem potencial' );

INSERT INTO acompanhamento (data,  descricao, idAnexo2) VALUES
	('2023-10-11', 'terminamos a etapa 1', 1),
    ('2023-10-11', 'terminamos a etapa 2', 2),
    ('2023-10-11', 'terminamos a etapa 3', 3),
    ('2023-01-12', 'terminamos a etapa 1', 4),
    ('2023-10-12', 'terminamos a etapa 2', 5);
    
   */
   

     
